,Unnamed: 0.3,Unnamed: 0.2,Unnamed: 0.1,Unnamed: 0,Datetime,consumption
0,0,0,0,0,2016-05-28T08:00:00,104361.78125
1,1,1,1,1,2016-05-28T09:00:00,103417.875
2,2,2,2,2,2016-05-28T10:00:00,98461.9453125
3,3,3,3,3,2016-05-28T11:00:00,98763.0546875
4,4,4,4,4,2016-05-28T12:00:00,94441.25
5,5,5,5,5,2016-05-28T13:00:00,92646.953125
6,6,6,6,6,2016-05-28T14:00:00,94864.203125
7,7,7,7,7,2016-05-28T15:00:00,95781.703125
8,8,8,8,8,2016-05-28T16:00:00,102648.703125
9,9,9,9,9,2016-05-28T17:00:00,107800.8046875
10,10,10,10,10,2016-05-28T18:00:00,110935.296875
11,11,11,11,11,2016-05-28T19:00:00,116611.828125
12,12,12,12,12,2016-05-28T20:00:00,117923.125
13,13,13,13,13,2016-05-28T21:00:00,118827.78125
14,14,14,14,14,2016-05-28T22:00:00,117861.3359375
15,15,15,15,15,2016-05-28T23:00:00,117361.5859375
16,16,16,16,16,2016-05-29T00:00:00,117896.765625
17,17,17,17,17,2016-05-29T01:00:00,114133.8203125
18,18,18,18,18,2016-05-29T02:00:00,111982.953125
19,19,19,19,19,2016-05-29T03:00:00,109723.6171875
20,20,20,20,20,2016-05-29T04:00:00,109238.6796875
21,21,21,21,21,2016-05-29T05:00:00,108800.0390625
22,22,22,22,22,2016-05-29T06:00:00,108692.234375
23,23,23,23,23,2016-05-29T07:00:00,108442.9453125
24,24,24,24,24,2016-05-29T08:00:00,107191.3203125
25,25,25,25,25,2016-05-29T09:00:00,101784.8125
26,26,26,26,26,2016-05-29T10:00:00,103201.5859375
27,27,27,27,27,2016-05-29T11:00:00,96830.4609375
28,28,28,28,28,2016-05-29T12:00:00,94080.5703125
29,29,29,29,29,2016-05-29T13:00:00,91795.015625
30,30,30,30,30,2016-05-29T14:00:00,94029.84375
31,31,31,31,31,2016-05-29T15:00:00,97188.953125
32,32,32,32,32,2016-05-29T16:00:00,102090.9609375
33,33,33,33,33,2016-05-29T17:00:00,110369.484375
34,34,34,34,34,2016-05-29T18:00:00,110225.828125
35,35,35,35,35,2016-05-29T19:00:00,114701.7109375
36,36,36,36,36,2016-05-29T20:00:00,118781.71875
37,37,37,37,37,2016-05-29T21:00:00,116119.765625
38,38,38,38,38,2016-05-29T22:00:00,118110.359375
39,39,39,39,39,2016-05-29T23:00:00,116491.828125
40,40,40,40,40,2016-05-30T00:00:00,111987.265625
41,41,41,41,41,2016-05-30T01:00:00,112912.6640625
42,42,42,42,42,2016-05-30T02:00:00,110961.3125
43,43,43,43,43,2016-05-30T03:00:00,109246.703125
44,44,44,44,44,2016-05-30T04:00:00,108168.8984375
45,45,45,45,45,2016-05-30T05:00:00,108496.9609375
46,46,46,46,46,2016-05-30T06:00:00,111818.7265625
47,47,47,47,47,2016-05-30T07:00:00,114336.046875
48,48,48,48,48,2016-05-30T08:00:00,107099.2890625
49,49,49,49,49,2016-05-30T09:00:00,103871.1640625
50,50,50,50,50,2016-05-30T10:00:00,97249.015625
51,51,51,51,51,2016-05-30T11:00:00,98660.640625
52,52,52,52,52,2016-05-30T12:00:00,101408.7265625
53,53,53,53,53,2016-05-30T13:00:00,98541.5625
54,54,54,54,54,2016-05-30T14:00:00,94390.546875
55,55,55,55,55,2016-05-30T15:00:00,96670.1953125
56,56,56,56,56,2016-05-30T16:00:00,104198.4765625
57,57,57,57,57,2016-05-30T17:00:00,109582.0703125
58,58,58,58,58,2016-05-30T18:00:00,113148.6171875
59,59,59,59,59,2016-05-30T19:00:00,116044.3046875
60,60,60,60,60,2016-05-30T20:00:00,112605.4296875
61,61,61,61,61,2016-05-30T21:00:00,112672.4140625
62,62,62,62,62,2016-05-30T22:00:00,112522.6796875
63,63,63,63,63,2016-05-30T23:00:00,112439.4921875
64,64,64,64,64,2016-05-31T00:00:00,114434.15625
65,65,65,65,65,2016-05-31T01:00:00,115015.4921875
66,66,66,66,66,2016-05-31T02:00:00,109065.0390625
67,67,67,67,67,2016-05-31T03:00:00,114126.0
68,68,68,68,68,2016-05-31T04:00:00,111617.8046875
69,69,69,69,69,2016-05-31T05:00:00,112295.15625
70,70,70,70,70,2016-05-31T06:00:00,113818.109375
71,71,71,71,71,2016-05-31T07:00:00,110436.0546875
72,72,72,72,72,2016-05-31T08:00:00,111390.9296875
73,73,73,73,73,2016-05-31T09:00:00,103341.0546875
74,74,74,74,74,2016-05-31T10:00:00,103349.5078125
75,75,75,75,75,2016-05-31T11:00:00,96360.2578125
76,76,76,76,76,2016-05-31T12:00:00,95298.4453125
77,77,77,77,77,2016-05-31T13:00:00,98533.109375
78,78,78,78,78,2016-05-31T14:00:00,94896.7421875
79,79,79,79,79,2016-05-31T15:00:00,95130.4921875
80,80,80,80,80,2016-05-31T16:00:00,98432.515625
81,81,81,81,81,2016-05-31T17:00:00,104758.609375
82,82,82,82,82,2016-05-31T18:00:00,108351.953125
83,83,83,83,83,2016-05-31T19:00:00,112778.4140625
84,84,84,84,84,2016-05-31T20:00:00,112377.15625
85,85,85,85,85,2016-05-31T21:00:00,111232.203125
86,86,86,86,86,2016-05-31T22:00:00,113383.796875
87,87,87,87,87,2016-05-31T23:00:00,111994.9609375
88,88,88,88,88,2016-06-01T00:00:00,113849.28125
89,89,89,89,89,2016-06-01T01:00:00,114467.4140625
90,90,90,90,90,2016-06-01T02:00:00,108877.8671875
91,91,91,91,91,2016-06-01T03:00:00,111692.5625
92,92,92,92,92,2016-06-01T04:00:00,106714.875
93,93,93,93,93,2016-06-01T05:00:00,109653.9609375
94,94,94,94,94,2016-06-01T06:00:00,106629.90625
95,95,95,95,95,2016-06-01T07:00:00,105970.1484375
96,96,96,96,96,2016-06-01T08:00:00,106240.6796875
97,97,97,97,97,2016-06-01T09:00:00,100528.9296875
98,98,98,98,98,2016-06-01T10:00:00,95727.59375
99,99,99,99,99,2016-06-01T11:00:00,95203.2109375
100,100,100,100,100,2016-06-01T12:00:00,92948.1015625
101,101,101,101,101,2016-06-01T13:00:00,94710.2578125
102,102,102,102,102,2016-06-01T14:00:00,90672.265625
103,103,103,103,103,2016-06-01T15:00:00,94835.8828125
104,104,104,104,104,2016-06-01T16:00:00,95278.703125
105,105,105,105,105,2016-06-01T17:00:00,102261.625
106,106,106,106,106,2016-06-01T18:00:00,108134.15625
107,107,107,107,107,2016-06-01T19:00:00,110708.046875
108,108,108,108,108,2016-06-01T20:00:00,118003.296875
109,109,109,109,109,2016-06-01T21:00:00,121632.1796875
110,110,110,110,110,2016-06-01T22:00:00,117954.0703125
111,111,111,111,111,2016-06-01T23:00:00,114727.625
112,112,112,112,112,2016-06-02T00:00:00,118080.9453125
113,113,113,113,113,2016-06-02T01:00:00,114224.2109375
114,114,114,114,114,2016-06-02T02:00:00,108181.5625
115,115,115,115,115,2016-06-02T03:00:00,107731.0859375
116,116,116,116,116,2016-06-02T04:00:00,107719.515625
117,117,117,117,117,2016-06-02T05:00:00,107879.7578125
118,118,118,118,118,2016-06-02T06:00:00,111583.359375
119,119,119,119,119,2016-06-02T07:00:00,110639.4609375
120,120,120,120,120,2016-06-02T08:00:00,108654.6640625
121,121,121,121,121,2016-06-02T09:00:00,104728.1171875
122,122,122,122,122,2016-06-02T10:00:00,97385.1328125
123,123,123,123,123,2016-06-02T11:00:00,96144.6953125
124,124,124,124,124,2016-06-02T12:00:00,94304.125
125,125,125,125,125,2016-06-02T13:00:00,92126.578125
126,126,126,126,126,2016-06-02T14:00:00,93944.359375
127,127,127,127,127,2016-06-02T15:00:00,98615.71875
128,128,128,128,128,2016-06-02T16:00:00,99590.5078125
129,129,129,129,129,2016-06-02T17:00:00,99900.7421875
130,130,130,130,130,2016-06-02T18:00:00,107390.890625
131,131,131,131,131,2016-06-02T19:00:00,113916.515625
132,132,132,132,132,2016-06-02T20:00:00,113744.640625
133,133,133,133,133,2016-06-02T21:00:00,115535.390625
134,134,134,134,134,2016-06-02T22:00:00,113503.140625
135,135,135,135,135,2016-06-02T23:00:00,113925.515625
136,136,136,136,136,2016-06-03T00:00:00,113582.5078125
137,137,137,137,137,2016-06-03T01:00:00,112871.3203125
138,138,138,138,138,2016-06-03T02:00:00,110065.5234375
139,139,139,139,139,2016-06-03T03:00:00,107182.734375
140,140,140,140,140,2016-06-03T04:00:00,105301.09375
141,141,141,141,141,2016-06-03T05:00:00,105172.875
142,142,142,142,142,2016-06-03T06:00:00,108865.28125
143,143,143,143,143,2016-06-03T07:00:00,107086.671875
144,144,144,144,144,2016-06-03T08:00:00,101642.46875
145,145,145,145,145,2016-06-03T09:00:00,100895.171875
146,146,146,146,146,2016-06-03T10:00:00,99151.3125
147,147,147,147,147,2016-06-03T11:00:00,97500.546875
148,148,148,148,148,2016-06-03T12:00:00,97594.4453125
149,149,149,149,149,2016-06-03T13:00:00,96620.8046875
150,150,150,150,150,2016-06-03T14:00:00,94179.0546875
151,151,151,151,151,2016-06-03T15:00:00,93542.6640625
152,152,152,152,152,2016-06-03T16:00:00,102267.921875
153,153,153,153,153,2016-06-03T17:00:00,103995.90625
154,154,154,154,154,2016-06-03T18:00:00,107885.6796875
155,155,155,155,155,2016-06-03T19:00:00,115782.921875
156,156,156,156,156,2016-06-03T20:00:00,117326.40625
157,157,157,157,157,2016-06-03T21:00:00,109999.2890625
158,158,158,158,158,2016-06-03T22:00:00,112395.859375
159,159,159,159,159,2016-06-03T23:00:00,109882.4140625
160,160,160,160,160,2016-06-04T00:00:00,112582.125
161,161,161,161,161,2016-06-04T01:00:00,112908.84375
162,162,162,162,162,2016-06-04T02:00:00,107201.875
163,163,163,163,163,2016-06-04T03:00:00,105391.6640625
164,164,164,164,164,2016-06-04T04:00:00,104705.6484375
165,165,165,165,165,2016-06-04T05:00:00,105530.875
166,166,166,166,166,2016-06-04T06:00:00,108996.390625
167,167,167,167,167,2016-06-04T07:00:00,111752.9609375
168,168,168,168,168,2016-06-04T08:00:00,112267.859375
169,169,169,169,169,2016-06-04T09:00:00,106479.09375
170,170,170,170,170,2016-06-04T10:00:00,100098.9296875
171,171,171,171,171,2016-06-04T11:00:00,95157.0859375
172,172,172,172,172,2016-06-04T12:00:00,98104.046875
173,173,173,173,173,2016-06-04T13:00:00,93514.890625
174,174,174,174,174,2016-06-04T14:00:00,94851.203125
175,175,175,175,175,2016-06-04T15:00:00,99712.9765625
176,176,176,176,176,2016-06-04T16:00:00,100720.9765625
177,177,177,177,177,2016-06-04T17:00:00,105368.9375
178,178,178,178,178,2016-06-04T18:00:00,111164.3828125
179,179,179,179,179,2016-06-04T19:00:00,109252.2578125
180,180,180,180,180,2016-06-04T20:00:00,113823.90625
181,181,181,181,181,2016-06-04T21:00:00,112830.75
182,182,182,182,182,2016-06-04T22:00:00,112523.4296875
183,183,183,183,183,2016-06-04T23:00:00,112374.046875
184,184,184,184,184,2016-06-05T00:00:00,113453.3828125
185,185,185,185,185,2016-06-05T01:00:00,112983.5625
186,186,186,186,186,2016-06-05T02:00:00,104636.4609375
187,187,187,187,187,2016-06-05T03:00:00,107891.25
188,188,188,188,188,2016-06-05T04:00:00,107690.640625
189,189,189,189,189,2016-06-05T05:00:00,107563.1796875
190,190,190,190,190,2016-06-05T06:00:00,108289.6171875
191,191,191,191,191,2016-06-05T07:00:00,109407.796875
192,192,192,192,192,2016-06-05T08:00:00,104243.859375
193,193,193,193,193,2016-06-05T09:00:00,102386.140625
194,194,194,194,194,2016-06-05T10:00:00,96841.109375
195,195,195,195,195,2016-06-05T11:00:00,97790.90625
196,196,196,196,196,2016-06-05T12:00:00,95969.1953125
197,197,197,197,197,2016-06-05T13:00:00,93756.390625
198,198,198,198,198,2016-06-05T14:00:00,93616.1328125
199,199,199,199,199,2016-06-05T15:00:00,94308.96875
200,200,200,200,200,2016-06-05T16:00:00,96249.25
201,201,201,201,201,2016-06-05T17:00:00,99047.3515625
202,202,202,202,202,2016-06-05T18:00:00,105529.625
203,203,203,203,203,2016-06-05T19:00:00,113121.6484375
204,204,204,204,204,2016-06-05T20:00:00,109607.46875
205,205,205,205,205,2016-06-05T21:00:00,113227.125
206,206,206,206,206,2016-06-05T22:00:00,109164.1796875
207,207,207,207,207,2016-06-05T23:00:00,111213.484375
208,208,208,208,208,2016-06-06T00:00:00,112678.71875
209,209,209,209,209,2016-06-06T01:00:00,110691.875
210,210,210,210,210,2016-06-06T02:00:00,108680.3515625
211,211,211,211,211,2016-06-06T03:00:00,106614.546875
212,212,212,212,212,2016-06-06T04:00:00,105549.6171875
213,213,213,213,213,2016-06-06T05:00:00,103490.7265625
214,214,214,214,214,2016-06-06T06:00:00,102339.96875
215,215,215,215,215,2016-06-06T07:00:00,104549.6796875
216,216,216,216,216,2016-06-06T08:00:00,103155.609375
217,217,217,217,217,2016-06-06T09:00:00,96517.21875
218,218,218,218,218,2016-06-06T10:00:00,95588.7734375
219,219,219,219,219,2016-06-06T11:00:00,94864.7578125
220,220,220,220,220,2016-06-06T12:00:00,92511.265625
221,221,221,221,221,2016-06-06T13:00:00,88433.9296875
222,222,222,222,222,2016-06-06T14:00:00,91431.5703125
223,223,223,223,223,2016-06-06T15:00:00,91627.1328125
224,224,224,224,224,2016-06-06T16:00:00,94314.53125
225,225,225,225,225,2016-06-06T17:00:00,103722.8125
226,226,226,226,226,2016-06-06T18:00:00,103731.0546875
227,227,227,227,227,2016-06-06T19:00:00,111814.859375
228,228,228,228,228,2016-06-06T20:00:00,110310.8203125
229,229,229,229,229,2016-06-06T21:00:00,113953.3515625
230,230,230,230,230,2016-06-06T22:00:00,111445.71875
231,231,231,231,231,2016-06-06T23:00:00,111343.34375
232,232,232,232,232,2016-06-07T00:00:00,107051.5546875
233,233,233,233,233,2016-06-07T01:00:00,106445.8359375
234,234,234,234,234,2016-06-07T02:00:00,108832.765625
235,235,235,235,235,2016-06-07T03:00:00,110620.0546875
236,236,236,236,236,2016-06-07T04:00:00,110217.390625
237,237,237,237,237,2016-06-07T05:00:00,107400.4140625
238,238,238,238,238,2016-06-07T06:00:00,109115.921875
239,239,239,239,239,2016-06-07T07:00:00,106562.4140625
240,240,240,240,240,2016-06-07T08:00:00,107668.84375
241,241,241,241,241,2016-06-07T09:00:00,103179.203125
242,242,242,242,242,2016-06-07T10:00:00,95213.4296875
243,243,243,243,243,2016-06-07T11:00:00,93188.5
244,244,244,244,244,2016-06-07T12:00:00,89803.453125
245,245,245,245,245,2016-06-07T13:00:00,90522.2421875
246,246,246,246,246,2016-06-07T14:00:00,94005.953125
247,247,247,247,247,2016-06-07T15:00:00,92999.625
248,248,248,248,248,2016-06-07T16:00:00,97429.859375
249,249,249,249,249,2016-06-07T17:00:00,101956.5625
250,250,250,250,250,2016-06-07T18:00:00,106108.8125
251,251,251,251,251,2016-06-07T19:00:00,112039.140625
252,252,252,252,252,2016-06-07T20:00:00,115288.359375
253,253,253,253,253,2016-06-07T21:00:00,117176.578125
254,254,254,254,254,2016-06-07T22:00:00,111395.90625
255,255,255,255,255,2016-06-07T23:00:00,110495.2109375
256,256,256,256,256,2016-06-08T00:00:00,108584.2109375
257,257,257,257,257,2016-06-08T01:00:00,107195.84375
258,258,258,258,258,2016-06-08T02:00:00,105935.7109375
259,259,259,259,259,2016-06-08T03:00:00,107407.6875
260,260,260,260,260,2016-06-08T04:00:00,106938.890625
261,261,261,261,261,2016-06-08T05:00:00,107964.1796875
262,262,262,262,262,2016-06-08T06:00:00,108178.3984375
263,263,263,263,263,2016-06-08T07:00:00,106016.578125
264,264,264,264,264,2016-06-08T08:00:00,107053.984375
265,265,265,265,265,2016-06-08T09:00:00,100483.4609375
266,266,266,266,266,2016-06-08T10:00:00,97732.921875
267,267,267,267,267,2016-06-08T11:00:00,100933.3125
268,268,268,268,268,2016-06-08T12:00:00,89272.3515625
269,269,269,269,269,2016-06-08T13:00:00,89778.3828125
270,270,270,270,270,2016-06-08T14:00:00,90571.640625
271,271,271,271,271,2016-06-08T15:00:00,97583.171875
272,272,272,272,272,2016-06-08T16:00:00,101679.5703125
273,273,273,273,273,2016-06-08T17:00:00,101826.921875
274,274,274,274,274,2016-06-08T18:00:00,106537.8515625
275,275,275,275,275,2016-06-08T19:00:00,109500.53125
276,276,276,276,276,2016-06-08T20:00:00,111788.21875
277,277,277,277,277,2016-06-08T21:00:00,108922.84375
278,278,278,278,278,2016-06-08T22:00:00,111776.0703125
279,279,279,279,279,2016-06-08T23:00:00,111663.5625
280,280,280,280,280,2016-06-09T00:00:00,110046.9921875
281,281,281,281,281,2016-06-09T01:00:00,111957.8671875
282,282,282,282,282,2016-06-09T02:00:00,111925.4609375
283,283,283,283,283,2016-06-09T03:00:00,105977.8203125
284,284,284,284,284,2016-06-09T04:00:00,111422.515625
285,285,285,285,285,2016-06-09T05:00:00,110091.515625
286,286,286,286,286,2016-06-09T06:00:00,112358.625
287,287,287,287,287,2016-06-09T07:00:00,105023.9375
288,288,288,288,288,2016-06-09T08:00:00,102570.875
289,289,289,289,289,2016-06-09T09:00:00,100411.0625
290,290,290,290,290,2016-06-09T10:00:00,95246.4765625
291,291,291,291,291,2016-06-09T11:00:00,94356.2421875
292,292,292,292,292,2016-06-09T12:00:00,92254.453125
293,293,293,293,293,2016-06-09T13:00:00,88534.0625
294,294,294,294,294,2016-06-09T14:00:00,92614.7578125
295,295,295,295,295,2016-06-09T15:00:00,91620.203125
296,296,296,296,296,2016-06-09T16:00:00,95061.953125
297,297,297,297,297,2016-06-09T17:00:00,95299.3046875
298,298,298,298,298,2016-06-09T18:00:00,104030.9609375
299,299,299,299,299,2016-06-09T19:00:00,113888.9765625
300,300,300,300,300,2016-06-09T20:00:00,113244.8203125
301,301,301,301,301,2016-06-09T21:00:00,113277.296875
302,302,302,302,302,2016-06-09T22:00:00,110691.0625
303,303,303,303,303,2016-06-09T23:00:00,111371.671875
304,304,304,304,304,2016-06-10T00:00:00,109437.875
305,305,305,305,305,2016-06-10T01:00:00,107013.5859375
306,306,306,306,306,2016-06-10T02:00:00,103390.1328125
307,307,307,307,307,2016-06-10T03:00:00,105375.921875
308,308,308,308,308,2016-06-10T04:00:00,102199.140625
309,309,309,309,309,2016-06-10T05:00:00,100490.0625
310,310,310,310,310,2016-06-10T06:00:00,100601.1640625
311,311,311,311,311,2016-06-10T07:00:00,104250.5546875
312,312,312,312,312,2016-06-10T08:00:00,101171.5546875
313,313,313,313,313,2016-06-10T09:00:00,94740.046875
314,314,314,314,314,2016-06-10T10:00:00,93820.15625
315,315,315,315,315,2016-06-10T11:00:00,91262.625
316,316,316,316,316,2016-06-10T12:00:00,92412.734375
317,317,317,317,317,2016-06-10T13:00:00,91642.3671875
318,318,318,318,318,2016-06-10T14:00:00,91313.765625
319,319,319,319,319,2016-06-10T15:00:00,96719.390625
320,320,320,320,320,2016-06-10T16:00:00,96415.53125
321,321,321,321,321,2016-06-10T17:00:00,101622.03125
322,322,322,322,322,2016-06-10T18:00:00,107801.3046875
323,323,323,323,323,2016-06-10T19:00:00,111207.6953125
324,324,324,324,324,2016-06-10T20:00:00,111858.28125
325,325,325,325,325,2016-06-10T21:00:00,110840.2265625
326,326,326,326,326,2016-06-10T22:00:00,112292.046875
327,327,327,327,327,2016-06-10T23:00:00,113098.5078125
328,328,328,328,328,2016-06-11T00:00:00,111693.09375
329,329,329,329,329,2016-06-11T01:00:00,107464.5859375
330,330,330,330,330,2016-06-11T02:00:00,105738.5234375
331,331,331,331,331,2016-06-11T03:00:00,109680.4609375
332,332,332,332,332,2016-06-11T04:00:00,104384.1015625
333,333,333,333,333,2016-06-11T05:00:00,104136.8125
334,334,334,334,334,2016-06-11T06:00:00,106053.8984375
335,335,335,335,335,2016-06-11T07:00:00,106126.484375
336,336,336,336,336,2016-06-11T08:00:00,99731.5078125
337,337,337,337,337,2016-06-11T09:00:00,97980.9140625
338,338,338,338,338,2016-06-11T10:00:00,97240.2265625
339,339,339,339,339,2016-06-11T11:00:00,96200.6796875
340,340,340,340,340,2016-06-11T12:00:00,93857.2109375
341,341,341,341,341,2016-06-11T13:00:00,89766.9140625
342,342,342,342,342,2016-06-11T14:00:00,86648.171875
343,343,343,343,343,2016-06-11T15:00:00,88719.6953125
344,344,344,344,344,2016-06-11T16:00:00,94999.9375
345,345,345,345,345,2016-06-11T17:00:00,99793.4375
346,346,346,346,346,2016-06-11T18:00:00,108886.5234375
347,347,347,347,347,2016-06-11T19:00:00,106520.09375
348,348,348,348,348,2016-06-11T20:00:00,111578.1171875
349,349,349,349,349,2016-06-11T21:00:00,112567.140625
350,350,350,350,350,2016-06-11T22:00:00,108637.4453125
351,351,351,351,351,2016-06-11T23:00:00,108468.1796875
352,352,352,352,352,2016-06-12T00:00:00,109983.84375
353,353,353,353,353,2016-06-12T01:00:00,105590.3828125
354,354,354,354,354,2016-06-12T02:00:00,104858.3515625
355,355,355,355,355,2016-06-12T03:00:00,104147.421875
356,356,356,356,356,2016-06-12T04:00:00,106154.3828125
357,357,357,357,357,2016-06-12T05:00:00,106696.3515625
358,358,358,358,358,2016-06-12T06:00:00,106646.25
359,359,359,359,359,2016-06-12T07:00:00,105921.34375
360,360,360,360,360,2016-06-12T08:00:00,102973.109375
361,361,361,361,361,2016-06-12T09:00:00,101210.7734375
362,362,362,362,362,2016-06-12T10:00:00,93061.6328125
363,363,363,363,363,2016-06-12T11:00:00,92983.6484375
364,364,364,364,364,2016-06-12T12:00:00,92889.140625
365,365,365,365,365,2016-06-12T13:00:00,91645.0390625
366,366,366,366,366,2016-06-12T14:00:00,93533.09375
367,367,367,367,367,2016-06-12T15:00:00,90604.015625
368,368,368,368,368,2016-06-12T16:00:00,95948.328125
369,369,369,369,369,2016-06-12T17:00:00,99685.921875
370,370,370,370,370,2016-06-12T18:00:00,103593.3203125
371,371,371,371,371,2016-06-12T19:00:00,106519.125
372,372,372,372,372,2016-06-12T20:00:00,109550.703125
373,373,373,373,373,2016-06-12T21:00:00,111293.828125
374,374,374,374,374,2016-06-12T22:00:00,112390.0703125
375,375,375,375,375,2016-06-12T23:00:00,109101.828125
376,376,376,376,376,2016-06-13T00:00:00,104425.6875
377,377,377,377,377,2016-06-13T01:00:00,109521.953125
378,378,378,378,378,2016-06-13T02:00:00,103539.234375
379,379,379,379,379,2016-06-13T03:00:00,107254.71875
380,380,380,380,380,2016-06-13T04:00:00,103799.4609375
381,381,381,381,381,2016-06-13T05:00:00,106684.453125
382,382,382,382,382,2016-06-13T06:00:00,105140.328125
383,383,383,383,383,2016-06-13T07:00:00,105631.546875
384,384,384,384,384,2016-06-13T08:00:00,101186.0078125
385,385,385,385,385,2016-06-13T09:00:00,97326.125
386,386,386,386,386,2016-06-13T10:00:00,95370.453125
387,387,387,387,387,2016-06-13T11:00:00,94156.09375
388,388,388,388,388,2016-06-13T12:00:00,93121.875
389,389,389,389,389,2016-06-13T13:00:00,93254.859375
390,390,390,390,390,2016-06-13T14:00:00,91809.5859375
391,391,391,391,391,2016-06-13T15:00:00,88233.265625
392,392,392,392,392,2016-06-13T16:00:00,97912.796875
393,393,393,393,393,2016-06-13T17:00:00,101095.5859375
394,394,394,394,394,2016-06-13T18:00:00,103071.46875
395,395,395,395,395,2016-06-13T19:00:00,109168.1875
396,396,396,396,396,2016-06-13T20:00:00,109331.8671875
397,397,397,397,397,2016-06-13T21:00:00,112200.296875
398,398,398,398,398,2016-06-13T22:00:00,105494.6015625
399,399,399,399,399,2016-06-13T23:00:00,109239.9296875
400,400,400,400,400,2016-06-14T00:00:00,108677.9140625
401,401,401,401,401,2016-06-14T01:00:00,106020.4765625
402,402,402,402,402,2016-06-14T02:00:00,106151.078125
403,403,403,403,403,2016-06-14T03:00:00,105834.109375
404,404,404,404,404,2016-06-14T04:00:00,99944.0859375
405,405,405,405,405,2016-06-14T05:00:00,103483.0703125
406,406,406,406,406,2016-06-14T06:00:00,105518.15625
407,407,407,407,407,2016-06-14T07:00:00,105359.6875
408,408,408,408,408,2016-06-14T08:00:00,100745.59375
409,409,409,409,409,2016-06-14T09:00:00,93809.1328125
410,410,410,410,410,2016-06-14T10:00:00,91747.8515625
411,411,411,411,411,2016-06-14T11:00:00,91718.3203125
412,412,412,412,412,2016-06-14T12:00:00,92139.953125
413,413,413,413,413,2016-06-14T13:00:00,88646.796875
414,414,414,414,414,2016-06-14T14:00:00,85313.0703125
415,415,415,415,415,2016-06-14T15:00:00,90572.34375
416,416,416,416,416,2016-06-14T16:00:00,90819.859375
417,417,417,417,417,2016-06-14T17:00:00,98339.8203125
418,418,418,418,418,2016-06-14T18:00:00,103777.0859375
419,419,419,419,419,2016-06-14T19:00:00,106072.171875
420,420,420,420,420,2016-06-14T20:00:00,109650.3515625
421,421,421,421,421,2016-06-14T21:00:00,109865.5625
422,422,422,422,422,2016-06-14T22:00:00,107383.84375
423,423,423,423,423,2016-06-14T23:00:00,106141.5390625
424,424,424,424,424,2016-06-15T00:00:00,107447.4296875
425,425,425,425,425,2016-06-15T01:00:00,106904.0234375
426,426,426,426,426,2016-06-15T02:00:00,106690.9921875
427,427,427,427,427,2016-06-15T03:00:00,108004.0703125
428,428,428,428,428,2016-06-15T04:00:00,102234.1796875
429,429,429,429,429,2016-06-15T05:00:00,104077.1328125
430,430,430,430,430,2016-06-15T06:00:00,101985.2734375
431,431,431,431,431,2016-06-15T07:00:00,101742.9296875
432,432,432,432,432,2016-06-15T08:00:00,103980.265625
433,433,433,433,433,2016-06-15T09:00:00,97629.9375
434,434,434,434,434,2016-06-15T10:00:00,94140.6171875
435,435,435,435,435,2016-06-15T11:00:00,93125.0078125
436,436,436,436,436,2016-06-15T12:00:00,86614.0625
437,437,437,437,437,2016-06-15T13:00:00,86830.2890625
438,438,438,438,438,2016-06-15T14:00:00,86231.140625
439,439,439,439,439,2016-06-15T15:00:00,88749.421875
440,440,440,440,440,2016-06-15T16:00:00,96010.8046875
441,441,441,441,441,2016-06-15T17:00:00,100800.8984375
442,442,442,442,442,2016-06-15T18:00:00,100841.1640625
443,443,443,443,443,2016-06-15T19:00:00,103782.71875
444,444,444,444,444,2016-06-15T20:00:00,107987.5703125
445,445,445,445,445,2016-06-15T21:00:00,107928.65625
446,446,446,446,446,2016-06-15T22:00:00,108961.21875
447,447,447,447,447,2016-06-15T23:00:00,107399.171875
448,448,448,448,448,2016-06-16T00:00:00,106013.03125
449,449,449,449,449,2016-06-16T01:00:00,104590.3515625
450,450,450,450,450,2016-06-16T02:00:00,108730.4140625
451,451,451,451,451,2016-06-16T03:00:00,101407.8515625
452,452,452,452,452,2016-06-16T04:00:00,102962.71875
453,453,453,453,453,2016-06-16T05:00:00,98977.0
454,454,454,454,454,2016-06-16T06:00:00,102757.265625
455,455,455,455,455,2016-06-16T07:00:00,100837.984375
456,456,456,456,456,2016-06-16T08:00:00,99833.8125
457,457,457,457,457,2016-06-16T09:00:00,96335.6640625
458,458,458,458,458,2016-06-16T10:00:00,96427.3515625
459,459,459,459,459,2016-06-16T11:00:00,92050.4375
460,460,460,460,460,2016-06-16T12:00:00,91077.1875
461,461,461,461,461,2016-06-16T13:00:00,87253.09375
462,462,462,462,462,2016-06-16T14:00:00,89693.578125
463,463,463,463,463,2016-06-16T15:00:00,91532.6875
464,464,464,464,464,2016-06-16T16:00:00,91592.8125
465,465,465,465,465,2016-06-16T17:00:00,95126.84375
466,466,466,466,466,2016-06-16T18:00:00,104106.21875
467,467,467,467,467,2016-06-16T19:00:00,108721.96875
468,468,468,468,468,2016-06-16T20:00:00,106784.390625
469,469,469,469,469,2016-06-16T21:00:00,107282.046875
470,470,470,470,470,2016-06-16T22:00:00,105704.421875
471,471,471,471,471,2016-06-16T23:00:00,108710.2890625
472,472,472,472,472,2016-06-17T00:00:00,105542.6875
473,473,473,473,473,2016-06-17T01:00:00,104234.8671875
474,474,474,474,474,2016-06-17T02:00:00,103504.1875
475,475,475,475,475,2016-06-17T03:00:00,100651.515625
476,476,476,476,476,2016-06-17T04:00:00,102393.3671875
477,477,477,477,477,2016-06-17T05:00:00,107621.640625
478,478,478,478,478,2016-06-17T06:00:00,106657.8046875
479,479,479,479,479,2016-06-17T07:00:00,102907.2421875
480,480,480,480,480,2016-06-17T08:00:00,99571.8203125
481,481,481,481,481,2016-06-17T09:00:00,101481.9765625
482,482,482,482,482,2016-06-17T10:00:00,92209.7109375
483,483,483,483,483,2016-06-17T11:00:00,87082.6640625
484,484,484,484,484,2016-06-17T12:00:00,89690.6953125
485,485,485,485,485,2016-06-17T13:00:00,85294.859375
486,486,486,486,486,2016-06-17T14:00:00,89851.9296875
487,487,487,487,487,2016-06-17T15:00:00,90591.125
488,488,488,488,488,2016-06-17T16:00:00,91252.6640625
489,489,489,489,489,2016-06-17T17:00:00,96700.0390625
490,490,490,490,490,2016-06-17T18:00:00,98828.9609375
491,491,491,491,491,2016-06-17T19:00:00,103674.4140625
492,492,492,492,492,2016-06-17T20:00:00,107909.9375
493,493,493,493,493,2016-06-17T21:00:00,105557.8671875
494,494,494,494,494,2016-06-17T22:00:00,110132.1015625
495,495,495,495,495,2016-06-17T23:00:00,108516.8125
496,496,496,496,496,2016-06-18T00:00:00,106634.6171875
497,497,497,497,497,2016-06-18T01:00:00,106619.8046875
498,498,498,498,498,2016-06-18T02:00:00,103351.7734375
499,499,499,499,499,2016-06-18T03:00:00,103503.75
500,500,500,500,500,2016-06-18T04:00:00,101559.734375
501,501,501,501,501,2016-06-18T05:00:00,103869.3828125
502,502,502,502,502,2016-06-18T06:00:00,104348.234375
503,503,503,503,503,2016-06-18T07:00:00,104383.546875
504,504,504,504,504,2016-06-18T08:00:00,99374.5546875
505,505,505,505,505,2016-06-18T09:00:00,96683.6171875
506,506,506,506,506,2016-06-18T10:00:00,92323.1640625
507,507,507,507,507,2016-06-18T11:00:00,93346.625
508,508,508,508,508,2016-06-18T12:00:00,87653.078125
509,509,509,509,509,2016-06-18T13:00:00,83334.5
510,510,510,510,510,2016-06-18T14:00:00,86857.578125
511,511,511,511,511,2016-06-18T15:00:00,89859.5390625
512,512,512,512,512,2016-06-18T16:00:00,90026.390625
513,513,513,513,513,2016-06-18T17:00:00,99840.5
514,514,514,514,514,2016-06-18T18:00:00,105347.2421875
515,515,515,515,515,2016-06-18T19:00:00,107206.9765625
516,516,516,516,516,2016-06-18T20:00:00,106957.984375
517,517,517,517,517,2016-06-18T21:00:00,109065.8125
518,518,518,518,518,2016-06-18T22:00:00,105545.9140625
519,519,519,519,519,2016-06-18T23:00:00,105784.6015625
520,520,520,520,520,2016-06-19T00:00:00,104098.9296875
521,521,521,521,521,2016-06-19T01:00:00,100507.6171875
522,522,522,522,522,2016-06-19T02:00:00,101050.6015625
523,523,523,523,523,2016-06-19T03:00:00,99199.09375
524,524,524,524,524,2016-06-19T04:00:00,102647.6953125
525,525,525,525,525,2016-06-19T05:00:00,103443.8359375
526,526,526,526,526,2016-06-19T06:00:00,100832.4921875
527,527,527,527,527,2016-06-19T07:00:00,101719.890625
528,528,528,528,528,2016-06-19T08:00:00,104679.953125
529,529,529,529,529,2016-06-19T09:00:00,97349.7421875
530,530,530,530,530,2016-06-19T10:00:00,92053.3359375
531,531,531,531,531,2016-06-19T11:00:00,90665.859375
532,532,532,532,532,2016-06-19T12:00:00,86355.671875
533,533,533,533,533,2016-06-19T13:00:00,88118.8046875
534,534,534,534,534,2016-06-19T14:00:00,83411.0625
535,535,535,535,535,2016-06-19T15:00:00,84879.65625
536,536,536,536,536,2016-06-19T16:00:00,93475.4765625
537,537,537,537,537,2016-06-19T17:00:00,99951.3671875
538,538,538,538,538,2016-06-19T18:00:00,104256.015625
539,539,539,539,539,2016-06-19T19:00:00,105773.984375
540,540,540,540,540,2016-06-19T20:00:00,109412.453125
541,541,541,541,541,2016-06-19T21:00:00,107158.109375
542,542,542,542,542,2016-06-19T22:00:00,104860.75
543,543,543,543,543,2016-06-19T23:00:00,107297.2734375
544,544,544,544,544,2016-06-20T00:00:00,105192.53125
545,545,545,545,545,2016-06-20T01:00:00,106462.6953125
546,546,546,546,546,2016-06-20T02:00:00,105166.140625
547,547,547,547,547,2016-06-20T03:00:00,100958.71875
548,548,548,548,548,2016-06-20T04:00:00,101898.84375
549,549,549,549,549,2016-06-20T05:00:00,101288.625
550,550,550,550,550,2016-06-20T06:00:00,105111.5078125
551,551,551,551,551,2016-06-20T07:00:00,101925.9375
552,552,552,552,552,2016-06-20T08:00:00,101112.7109375
553,553,553,553,553,2016-06-20T09:00:00,95987.1640625
554,554,554,554,554,2016-06-20T10:00:00,90605.1171875
555,555,555,555,555,2016-06-20T11:00:00,87122.5546875
556,556,556,556,556,2016-06-20T12:00:00,87017.3046875
557,557,557,557,557,2016-06-20T13:00:00,83161.7734375
558,558,558,558,558,2016-06-20T14:00:00,88191.8828125
559,559,559,559,559,2016-06-20T15:00:00,93791.953125
560,560,560,560,560,2016-06-20T16:00:00,94735.359375
561,561,561,561,561,2016-06-20T17:00:00,94119.5078125
562,562,562,562,562,2016-06-20T18:00:00,101174.8359375
563,563,563,563,563,2016-06-20T19:00:00,103711.46875
564,564,564,564,564,2016-06-20T20:00:00,103689.96875
565,565,565,565,565,2016-06-20T21:00:00,108168.0546875
566,566,566,566,566,2016-06-20T22:00:00,109233.9453125
567,567,567,567,567,2016-06-20T23:00:00,105803.1015625
568,568,568,568,568,2016-06-21T00:00:00,108011.9375
569,569,569,569,569,2016-06-21T01:00:00,105415.4765625
570,570,570,570,570,2016-06-21T02:00:00,105800.3671875
571,571,571,571,571,2016-06-21T03:00:00,104658.9375
572,572,572,572,572,2016-06-21T04:00:00,102146.0078125
573,573,573,573,573,2016-06-21T05:00:00,97450.609375
574,574,574,574,574,2016-06-21T06:00:00,98962.1875
575,575,575,575,575,2016-06-21T07:00:00,103421.0
576,576,576,576,576,2016-06-21T08:00:00,99652.84375
577,577,577,577,577,2016-06-21T09:00:00,94156.9921875
578,578,578,578,578,2016-06-21T10:00:00,92098.671875
579,579,579,579,579,2016-06-21T11:00:00,91416.8515625
580,580,580,580,580,2016-06-21T12:00:00,90619.375
581,581,581,581,581,2016-06-21T13:00:00,86546.921875
582,582,582,582,582,2016-06-21T14:00:00,84381.515625
583,583,583,583,583,2016-06-21T15:00:00,87040.6328125
584,584,584,584,584,2016-06-21T16:00:00,92654.7734375
585,585,585,585,585,2016-06-21T17:00:00,99989.53125
586,586,586,586,586,2016-06-21T18:00:00,103993.640625
587,587,587,587,587,2016-06-21T19:00:00,108936.6640625
588,588,588,588,588,2016-06-21T20:00:00,112347.0859375
589,589,589,589,589,2016-06-21T21:00:00,111888.0703125
590,590,590,590,590,2016-06-21T22:00:00,108737.96875
591,591,591,591,591,2016-06-21T23:00:00,105412.671875
592,592,592,592,592,2016-06-22T00:00:00,104612.5625
593,593,593,593,593,2016-06-22T01:00:00,101539.1875
594,594,594,594,594,2016-06-22T02:00:00,99009.9140625
595,595,595,595,595,2016-06-22T03:00:00,99213.671875
596,596,596,596,596,2016-06-22T04:00:00,102204.4921875
597,597,597,597,597,2016-06-22T05:00:00,103277.0703125
598,598,598,598,598,2016-06-22T06:00:00,97805.671875
599,599,599,599,599,2016-06-22T07:00:00,98856.5859375
600,600,600,600,600,2016-06-22T08:00:00,96015.9609375
601,601,601,601,601,2016-06-22T09:00:00,97737.265625
602,602,602,602,602,2016-06-22T10:00:00,91915.21875
603,603,603,603,603,2016-06-22T11:00:00,86824.7109375
604,604,604,604,604,2016-06-22T12:00:00,87113.0703125
605,605,605,605,605,2016-06-22T13:00:00,81057.328125
606,606,606,606,606,2016-06-22T14:00:00,86264.1171875
607,607,607,607,607,2016-06-22T15:00:00,86430.2734375
608,608,608,608,608,2016-06-22T16:00:00,92448.4921875
609,609,609,609,609,2016-06-22T17:00:00,92658.5390625
610,610,610,610,610,2016-06-22T18:00:00,100570.7734375
611,611,611,611,611,2016-06-22T19:00:00,104196.5625
612,612,612,612,612,2016-06-22T20:00:00,104676.0546875
613,613,613,613,613,2016-06-22T21:00:00,108073.3828125
614,614,614,614,614,2016-06-22T22:00:00,110180.5625
615,615,615,615,615,2016-06-22T23:00:00,107310.9375
616,616,616,616,616,2016-06-23T00:00:00,107617.3203125
617,617,617,617,617,2016-06-23T01:00:00,105514.5234375
618,618,618,618,618,2016-06-23T02:00:00,101339.0703125
619,619,619,619,619,2016-06-23T03:00:00,100243.5859375
620,620,620,620,620,2016-06-23T04:00:00,103570.5625
621,621,621,621,621,2016-06-23T05:00:00,101268.0390625
622,622,622,622,622,2016-06-23T06:00:00,98770.2265625
623,623,623,623,623,2016-06-23T07:00:00,99731.1015625
624,624,624,624,624,2016-06-23T08:00:00,96209.765625
625,625,625,625,625,2016-06-23T09:00:00,94750.734375
626,626,626,626,626,2016-06-23T10:00:00,91861.9609375
627,627,627,627,627,2016-06-23T11:00:00,87627.359375
628,628,628,628,628,2016-06-23T12:00:00,87737.546875
629,629,629,629,629,2016-06-23T13:00:00,87913.65625
630,630,630,630,630,2016-06-23T14:00:00,86052.7109375
631,631,631,631,631,2016-06-23T15:00:00,86045.859375
632,632,632,632,632,2016-06-23T16:00:00,92391.6484375
633,633,633,633,633,2016-06-23T17:00:00,96565.734375
634,634,634,634,634,2016-06-23T18:00:00,100090.171875
635,635,635,635,635,2016-06-23T19:00:00,98906.53125
636,636,636,636,636,2016-06-23T20:00:00,105792.796875
637,637,637,637,637,2016-06-23T21:00:00,102306.4609375
638,638,638,638,638,2016-06-23T22:00:00,110688.8359375
639,639,639,639,639,2016-06-23T23:00:00,106013.5625
640,640,640,640,640,2016-06-24T00:00:00,106267.65625
641,641,641,641,641,2016-06-24T01:00:00,105666.21875
642,642,642,642,642,2016-06-24T02:00:00,101919.2265625
643,643,643,643,643,2016-06-24T03:00:00,98041.8203125
644,644,644,644,644,2016-06-24T04:00:00,102925.8515625
645,645,645,645,645,2016-06-24T05:00:00,102510.65625
646,646,646,646,646,2016-06-24T06:00:00,104740.90625
647,647,647,647,647,2016-06-24T07:00:00,101697.4921875
648,648,648,648,648,2016-06-24T08:00:00,99955.5
649,649,649,649,649,2016-06-24T09:00:00,97440.7734375
650,650,650,650,650,2016-06-24T10:00:00,92112.03125
651,651,651,651,651,2016-06-24T11:00:00,89495.3203125
652,652,652,652,652,2016-06-24T12:00:00,86129.9609375
653,653,653,653,653,2016-06-24T13:00:00,87892.578125
654,654,654,654,654,2016-06-24T14:00:00,85696.7734375
655,655,655,655,655,2016-06-24T15:00:00,88475.7734375
656,656,656,656,656,2016-06-24T16:00:00,95128.796875
657,657,657,657,657,2016-06-24T17:00:00,99365.140625
658,658,658,658,658,2016-06-24T18:00:00,104432.1015625
659,659,659,659,659,2016-06-24T19:00:00,103402.0625
660,660,660,660,660,2016-06-24T20:00:00,106296.7578125
661,661,661,661,661,2016-06-24T21:00:00,108411.9453125
662,662,662,662,662,2016-06-24T22:00:00,109360.0859375
663,663,663,663,663,2016-06-24T23:00:00,102748.1484375
664,664,664,664,664,2016-06-25T00:00:00,101089.125
665,665,665,665,665,2016-06-25T01:00:00,104097.171875
666,666,666,666,666,2016-06-25T02:00:00,100052.515625
667,667,667,667,667,2016-06-25T03:00:00,103946.09375
668,668,668,668,668,2016-06-25T04:00:00,104295.46875
669,669,669,669,669,2016-06-25T05:00:00,101015.6328125
670,670,670,670,670,2016-06-25T06:00:00,101761.4921875
671,671,671,671,671,2016-06-25T07:00:00,104610.2265625
672,672,672,672,672,2016-06-25T08:00:00,99530.46875
673,673,673,673,673,2016-06-25T09:00:00,98388.8828125
674,674,674,674,674,2016-06-25T10:00:00,90527.328125
675,675,675,675,675,2016-06-25T11:00:00,93187.3671875
676,676,676,676,676,2016-06-25T12:00:00,86004.703125
677,677,677,677,677,2016-06-25T13:00:00,84552.7578125
678,678,678,678,678,2016-06-25T14:00:00,82934.8359375
679,679,679,679,679,2016-06-25T15:00:00,90949.625
680,680,680,680,680,2016-06-25T16:00:00,93428.0625
681,681,681,681,681,2016-06-25T17:00:00,96231.6171875
682,682,682,682,682,2016-06-25T18:00:00,98627.5546875
683,683,683,683,683,2016-06-25T19:00:00,102875.7890625
684,684,684,684,684,2016-06-25T20:00:00,104198.265625
685,685,685,685,685,2016-06-25T21:00:00,104256.0546875
686,686,686,686,686,2016-06-25T22:00:00,105030.40625
687,687,687,687,687,2016-06-25T23:00:00,107208.4765625
688,688,688,688,688,2016-06-26T00:00:00,104521.5234375
689,689,689,689,689,2016-06-26T01:00:00,104608.921875
690,690,690,690,690,2016-06-26T02:00:00,96941.6015625
691,691,691,691,691,2016-06-26T03:00:00,98780.390625
692,692,692,692,692,2016-06-26T04:00:00,100383.6875
693,693,693,693,693,2016-06-26T05:00:00,101952.09375
694,694,694,694,694,2016-06-26T06:00:00,103451.5234375
695,695,695,695,695,2016-06-26T07:00:00,101204.3515625
696,696,696,696,696,2016-06-26T08:00:00,97003.6171875
697,697,697,697,697,2016-06-26T09:00:00,97552.171875
698,698,698,698,698,2016-06-26T10:00:00,91818.421875
699,699,699,699,699,2016-06-26T11:00:00,87491.71875
700,700,700,700,700,2016-06-26T12:00:00,88714.390625
701,701,701,701,701,2016-06-26T13:00:00,85183.578125
702,702,702,702,702,2016-06-26T14:00:00,85419.0390625
703,703,703,703,703,2016-06-26T15:00:00,87065.6640625
704,704,704,704,704,2016-06-26T16:00:00,87069.390625
705,705,705,705,705,2016-06-26T17:00:00,95374.3984375
706,706,706,706,706,2016-06-26T18:00:00,96052.2265625
707,707,707,707,707,2016-06-26T19:00:00,102241.3671875
708,708,708,708,708,2016-06-26T20:00:00,100384.9296875
709,709,709,709,709,2016-06-26T21:00:00,104181.296875
710,710,710,710,710,2016-06-26T22:00:00,105135.8515625
711,711,711,711,711,2016-06-26T23:00:00,99936.59375
712,712,712,712,712,2016-06-27T00:00:00,105625.890625
713,713,713,713,713,2016-06-27T01:00:00,101373.71875
714,714,714,714,714,2016-06-27T02:00:00,100996.140625
715,715,715,715,715,2016-06-27T03:00:00,98951.796875
716,716,716,716,716,2016-06-27T04:00:00,98881.921875
717,717,717,717,717,2016-06-27T05:00:00,97190.8671875
718,718,718,718,718,2016-06-27T06:00:00,99364.390625
719,719,719,719,719,2016-06-27T07:00:00,98918.8828125
720,720,720,720,720,2016-06-27T08:00:00,100659.0703125
